title,id,price,Khu Vực,Loại BDS,Diện tích đất,Diện tích sử dụng,Phòng khách,Phòng ngủ,Phòng tắm,Ban công,Hướng,Nội thất
"BÁN CĂN HỘ VIP, VIEW TRIỆU ĐÔ TẠI CIPUTRA, TÂY HỒ, HÀ NỘI",753,32 tỷ,Ciputra Hà Nội,Bán Căn Hộ Chung Cư Ciputra,267,267,Hiện Đại,3,3,Yes,Đông Nam,Fully Furnished
Căn hộ 145m tòa P1 Ciputra view nội khu cần bán,752,"9,5 tỷ",Ciputra Hà Nội,Bán Căn Hộ Chung Cư Ciputra,145,145,Hiện Đại,,,,,
"Bán căn góc 267m, tòa L1 Ciputra, view trực diện sân Golf, tầng cao",751,25 tỷ,Ciputra Hà Nội,Bán Căn Hộ Chung Cư Ciputra,267,267,,,,,,
"Bán căn hộ VIP 267m, tầng cao tòa L2 KĐT CIputra, Tây Hồ",749,"26,5 tỷ",Ciputra Hà Nội,Bán Căn Hộ Chung Cư Ciputra,267,267,,4,,,Đông Bắc,
"Bán căn hộ 267m, VIP view sân Golf tòa L1, L2 Ciputra",748,"27,5 tỷ",Ciputra Hà Nội,Bán Căn Hộ Chung Cư Ciputra,267,255.9,sang trọng,4,3,,Đông Nam,
Bán căn góc 182m trục đẹp nhất view sân Golf tòa P1 Ciputra,747,16 tỷ,Ciputra Hà Nội,Bán Căn Hộ Chung Cư Ciputra,182,182,sang trọng,4,3,Yes,Đông Bắc,
"Chính chủ bán căn hộ 182m, tòa P1, P2 Ciputra giá tốt nhất thị trường",746,15 tỷ,Ciputra Hà Nội,Bán Căn Hộ Chung Cư Ciputra,182,182,,,,,,Đã có Nội Thất
"Chính chủ cần tiền bán gấp căn hộ 123m, tòa E4 Ciputra",745,"7,8 tỷ",Ciputra Hà Nội,Bán Căn Hộ Chung Cư Ciputra,123,123,,,,Có,Tây Bắc,"đủ đồ, đồ đẹp"
Bán căn hộ chung cư cao cấp 128m tòa vườn đào 689 Lạc Long Quân,744,"8,15 tỷ",Quận Tây Hồ,Bán căn hộ quận Tây Hồ,128,128,rộng,3,2,rộng,,có nội thất
Bán căn hộ  cấp cấp 2 phòng ngủ tại tòa Watermark 395 Lạc Long Quân,743,"7,5 tỷ",Quận Tây Hồ,Bán căn hộ quận Tây Hồ,75,75,rộng,2,2,,,có nội thất
Bán căn hộ Penhouse Duplex 583m2 tại trung tâm Đống Đa giá cực rẻ,739,81 triệu,Quận Tây Hồ,Bán căn hộ quận Tây Hồ,583,583,rộng,,,,,nội thất xịn
Bán căn hộ Penhouse Duplex 235m2 tại trung tâm Đống Đa giá cực rẻ,738,81 triệu,Quận Tây Hồ,Bán căn hộ quận Đống Đa,235,235,rộng,,,,,nội thất xịn
Căn hộ 3 phòng ngủ tầng cao view sông hồng tại D’. Le Roi Soleil 59 Xuân Diệu,736,"11,99 tỷ",Quận Tây Hồ,Bán căn hộ quận Tây Hồ,111,111,rộng,3,2,rộng,,nội thất xịn
BÁN CĂN HỘ CAO CẤP TẠI TÒA E4 CIPUTRA – KHÔNG GIAN SỐNG LÝ TƯỞNG,735,12 tỷ,Ciputra Hà Nội,Bán Căn Hộ Chung Cư Ciputra,153,153,sang trọng,4,2,,,
"Bán căn hộ siêu đẹp 145m², 3PN, 2WC tại tòa P1 Ciputra Hà Nội",732,"10,5 tỷ",Ciputra Hà Nội,Bán Căn Hộ Chung Cư Ciputra,,145,60,3,2,yes,Tây Bắc,Đầy đủ nội thất
"Cần bán căn hộ view đẹp giá mềm tại G2, G3 Ciputra, Hà Nội",731,"7,3 tỷ",Ciputra Hà Nội,Bán Căn Hộ Chung Cư Ciputra,,119,60,3,2,có,"Trường Unis, Nội khu",gắn tường
"Bán căn hộ góc siêu đẹp 153m², 4PN, 2WC tại tòa E1 Ciputra Hà Nội",729,12 tỷ,Ciputra Hà Nội,Bán Căn Hộ Chung Cư Ciputra,,153,80,4,2,,View sân Golf,"đủ đồ, đồ đẹp"
"Cần bán căn hộ 119m², 3 phòng ngủ, 2 phòng tắm tại G3 Ciputra, Hà Nội",728,"9,8 tỷ",Ciputra Hà Nội,Bán Căn Hộ Chung Cư Ciputra,,119,60,3,2,có,Tây Bắc,"đủ đồ, đồ đẹp"
"Bán căn hộ 2PN Dt 58m, tòa L345 Ciputra giá hợp lý",725,"5,5 tỷ",Ciputra Hà Nội,Bán Căn Hộ Chung Cư Ciputra,58,58,sang trọng,2,1,,Đông Bắc,
"Bán căn hộ Sakura - Vinhomes Smart City - Tòa SA5, 61.5 m2, 2N2VS",722,"41,5 tỷ",Quận Từ Liêm,Căn Hộ Chung Cư Nam Từ Liêm,,61.5 m2,Rộng,2,2,2,Tây Nam,Chủ đầu tư
Bán căn hộ chung cư Ciputra giá tốt nhất thị trường,717,"9,3 tỷ",Ciputra Hà Nội,Bán Căn Hộ Chung Cư Ciputra,,150,60,3,2,ban công rộng,Tây Bắc,gắn tường
"Bán căn hộ 114m, view sân Golf, tầng cao tòa L345 Ciputra",716,11 tỷ,Ciputra Hà Nội,Bán Căn Hộ Chung Cư Ciputra,114,106,sang trọng,3,2,Yes,Đông Nam,
"Chính chủ bán căn góc tòa E4, Ciputra, view nội khu, tầng thấp",712,"10,6 tỷ",Ciputra Hà Nội,Bán Căn Hộ Chung Cư Ciputra,146,146,sang trọng,4,2,,Tây Bắc,
"Bán căn hộ 67m, tòa CT13B Ciputra, View Nội khu Ciputra",711,5 tỷ,Ciputra Hà Nội,Bán Căn Hộ Chung Cư Ciputra,67,67,,2,2,,Tây Bắc,
Bán căn hộ 2 phòng ngủ View hồ tây nội thất mới tại tòa D’. Le Roi Soleil 59 Xuân Diệu,700,"12,5 tỷ",Quận Tây Hồ,Bán căn hộ quận Tây Hồ,88,88,rộng,2,2,rộng,,nội thất xịn
"Bán căn hộ 145m, view Sân Golf tòa P1, P2 Ciputra giá cực rẻ",696,"9,3 tỷ",Quận Tây Hồ,Bán Căn Hộ Chung Cư Ciputra,145,145,Hiện Đại,,,,,
"Chính chủ bán căn hộ 182m view sân Golf tòa P2 Ciputra, giá hợp lý",691,"12,7 tỷ",Ciputra Hà Nội,Bán Căn Hộ Chung Cư Ciputra,182,182,,,,,,
"Bán căn hộ sửa đẹp DT 147m, tòa G3 Ciputra",689,"9,8 tỷ",Ciputra Hà Nội,Bán Căn Hộ Chung Cư Ciputra,147,147,,,,,,
"Chính chủ bán căn hộ tầng thấp tòa G2, g3 Ciputra 194m, 4pn, 3wc giá hợp lý",688,"10,5 tỷ",Ciputra Hà Nội,Bán Căn Hộ Chung Cư Ciputra,194,194,,,,,,
Bán Biệt thự trên không view hồ 3 mặt tầng cao căn trục Số 10 M3 Metropolis,684,30 tỷ,Quận Ba Đình,Bán Căn hộ quận Ba Đình,,143,100,2,2,có,lake view,Fully furnished
"Bán căn hộ 3 phòng ngủ siêu đẹp, view Hồ Tây, tòa D’. Le Roi Soleil 59 Xuân Diệu",682,"13,8 tỷ",Quận Tây Hồ,Bán căn hộ quận Tây Hồ,111,111,rộng,3,3,rộng,,nội thất xịn
"Bán căn hộ 2 phòng ngủ  D’. Le Roi Soleil  tầng cao, view hồ tây",680,12 tỷ,Quận Tây Hồ,Bán căn hộ quận Tây Hồ,88,88,rộng,2,2,rộng,,nội thất xịn
"Độc bản siêu VIP tòa L1, L2 Ciputra 267m, view sa Golf giá siêu hời",677,25 tỷ,Ciputra Hà Nội,Bán Căn Hộ Chung Cư Ciputra,267,267,Hiện Đại,4,3,,Đông Nam,
"Bán căn hộ tầng thấp 114m, 3Pn, tòa L3 Ciputra full nội thất cao cấp",676,"9,2 tỷ",Ciputra Hà Nội,Bán Căn Hộ Chung Cư Ciputra,114,114,,3,2,,tây nam,
"Bán căn góc 153m tòa E4 Ciputra, view biệt thự nội khu Ciputra",675,10 tỷ,Ciputra Hà Nội,Bán Căn Hộ Chung Cư Ciputra,153,153,sang trọng,3,2,,Tây Bắc,
Bán căn hộ 114 m2 view sân golf tầng trung đủ nội thất,673,"10,5 tỷ",Ciputra Hà Nội,Bán Căn Hộ Chung Cư Ciputra,,114,,3,2,có,Golf Course Views,"đủ đồ, đồ đẹp"
Bán căn hộ 114m2 tại The Link Ciputra Hà Nội nội thất đẹp hiện đại,672,"9,2 tỷ",Ciputra Hà Nội,Bán Căn Hộ Chung Cư Ciputra,,114,40,3,2,có,Tây Nam,"đủ đồ, đồ đẹp"
"Bán căn hộ 168m, tòa C2 Udic Westlake - Ciputra",660,9 tỷ,Ciputra Hà Nội,Bán Căn Hộ Chung Cư Ciputra,168,168,,,,,Tây Nam,
"Bán căn hộ 3 PN, view Hồ chung cư Water mark, 395 Lạc Long Quân",658,"10,5 tỷ",Quận Tây Hồ,Bán căn hộ quận Tây Hồ,123,123,,,,,,
"Bán căn hộ tòa L1 Ciputra, 153m, 2PN, 2WC view sân Golf",657,"12,5 tỷ",Ciputra Hà Nội,Bán Căn Hộ Chung Cư Ciputra,153,153,,,,,,
"Bán căn hộ tòa P1 Ciputra, 182m, 4pn, view sân Golf",656,"15,5 tỷ",Ciputra Hà Nội,Bán Căn Hộ Chung Cư Ciputra,182,182,,,,,,
Bán căn hộ Queen 179m2 tòa PentStudio 699 Lạc Long Quân full nội thất,651,"17,5 tỷ",Quận Tây Hồ,Bán căn hộ quận Tây Hồ,179,179,rộng,2,2,rộng,,nội thất xịn
"Bán căn hộ chung cư A2 Phú Thượng, Tây Hồ, Hà Nội",648,"1,85 tỷ",Quận Tây Hồ,Bán căn hộ quận Tây Hồ,43,43,Hiện Đại,1,1,Yes,Đông Nam,
"Bán căn hộ 3 phòng ngủ 123m2 tầng cao view quảng trường G2, G3 giá tốt",637,"7,5 tỷ",Ciputra Hà Nội,Bán Căn Hộ Chung Cư Ciputra,,123,sang trọng,3,2,có,Ban công Tây bắc,"đủ đồ, đồ đẹp"
"Bán căn hộ 153m, sửa đẹp,  tầng cao tòa nhà E4 Ciputra",635,"11,5 tỷ",Ciputra Hà Nội,Bán Căn Hộ Chung Cư Ciputra,153,153,Hiện Đại,3,2,Yes,Tây Bắc,
Bán căn hộ 2 ngủ 2 Phòng tắm view hồ Tây diện tích 128m2 tại toàn nhà Water Mark Hà Nội,634,12 tỷ,Quận Tây Hồ,Bán căn hộ quận Tây Hồ,,128,60,2,2,ban công rộng,Đông nam,"đủ đồ, đồ đẹp"
"Bán căn hộ tòa E Ciputra, DT 123m, 2 pn, đầy đủ đồ vào ở ngay",633,"7,9 tỷ",Ciputra Hà Nội,Bán Căn Hộ Chung Cư Ciputra,123,123,sang trọng,,,,Tây Bắc,
Bán căn hộ 182 m2 4 phòng ngủ đã sửa đẹp tại toà P1 Ciputra Hà Nội,632,"15,2 tỷ",Ciputra Hà Nội,Bán Căn Hộ Chung Cư Ciputra,,182,,4,3,có,"Tây Nam, Tây  Bắc",có đủ đồ nội thất đẹp
"Bán căn hộ 2 phòng ngủ, tầng cao view hồ tây tại dự án D’ LE ROI SOLEIL Xuân Diệu",630,"10,7 tỷ",Quận Tây Hồ,Bán căn hộ quận Tây Hồ,88,82,rộng,2,2,view hồ,,hiện đại
"Cắt lỗ  bán căn hộ tầng cao view hồ, nội thất đẹp toà D.' LE ROI SOLEIL Xuân Diệu",627,"11,5 tỷ",Quận Tây Hồ,Bán căn hộ quận Tây Hồ,88,82,rộng,2,2,view hồ,,hiện đại
"Hót nhất thi trường bán căn hộ 2 phòng ngủ,88m, view hồ, nội thất xịn",626,"9,5 tỷ",Quận Tây Hồ,Bán căn hộ quận Tây Hồ,88,88,rộng,2,2,rộng,,hiện đại
"Giảm sốc, bán căn hộ cao cấp 3 phòng ngủ, view hồ tây, Phố Xuân Diệu",625,"13,7 tỷ",Quận Tây Hồ,Bán căn hộ quận Tây Hồ,111,111,rộng,3,2,rộng,,hiện đại
"Bán căn hộ 2 phòng ngủ, tầng cao tòa A tại D.' LE ROI SOLEIL số 59 Phố Xuân Diệu",623,10 tỷ,Quận Tây Hồ,Bán căn hộ quận Tây Hồ,88,82,rộng,2,2,rộng,,hiện đại
Bán căn hộ cao cấp toà B chung cư D Le Roi Soleil số 59  Xuan Diệu,618,"9,9 tỷ",Quận Tây Hồ,Bán căn hộ quận Tây Hồ,88,88,rộng,2,2,rộng,,hiện đại
"Bán căn hộ đẹp View chọn Hồ Tây, DT:146m, tại D’. Le Roi Soleil số 59 Phố Xuân Diệu",616,"11,9 tỷ",Quận Tây Hồ,Bán căn hộ quận Tây Hồ,146,146,rộng,3,2,rộng,,hiện đại
Chính chủ nhờ bán căn hộ mới cải tạo tại E4 ciputra Tây hồ Hà Nội,598,"10,2 tỷ",Ciputra Hà Nội,Bán Căn Hộ Chung Cư Ciputra,,154,,4,2,có,Đông nam,"đủ đồ, đồ đẹp"
"Chỉ với 5,x tỷ bạn đã sở hữu căn hộ 3 PN, 2 WC, diện tích 119m2 tại khu đô thị đẳng cấp nhất Hà nội - Ciputra·",594,"7,4 tỷ",Ciputra Hà Nội,Bán Căn Hộ Chung Cư Ciputra,,119,60,3,2,có,Tây Bắc ( ban công ),gắn tường
Bán căn hộ 1 phòng ngủ Tại The Link Ciputra thiết kế hiện đại giá tốt,593,"7,2 tỷ",Ciputra Hà Nội,Bán Căn Hộ Chung Cư Ciputra,,72,,1,2,yes,Đông Nam,"đủ đồ, đồ đẹp"
Bán căn hộ view đẹp căn hiếm tại toà nhà D leroi solei Xuân Diệu Tây Hồ Hà Nội,578,12 tỷ,Quận Tây Hồ,Bán căn hộ quận Tây Hồ,,137,80,3,2,có,Đông bắc,gắn tường
Bán căn hộ cao cấp đủ đồ tầng cao view đẹp 153m2 3 phòng ngủ tại Ciputra Hà Nội,576,"10,5 tỷ",Ciputra Hà Nội,Bán Căn Hộ Chung Cư Ciputra,,153,,3,2,có,Tây Bác và Tây Nam,"đủ đồ, đồ đẹp"
"Bán căn hộ cao cấp 126m, 2 phòng ngủ, 3wc, siêu đẹp tại Lancaster số 20 phố núi trúc, Ba đình",568,"8,56 tỷ",Quận Ba Đình,Bán Căn hộ quận Ba Đình,126,126,rộng,2,3,1,,có nội thất
"Bán căn hộ chung cư Lancaster Núi Trúc, 86m2, 2PN, 2 vệ sinh, đầy đủ đồ",567,"5,55 tỷ",Quận Ba Đình,Bán Căn hộ quận Ba Đình,86,86,1,2,2,,,có nội thất
"Bán căn hộ chung cư Lancaster - 20 Núi Trúc, 111,6m2, 3PN, viu hồ ngọc khánh,",566,"7,55 tỷ",Quận Ba Đình,Bán Căn hộ quận Ba Đình,120,120,1,3,2,1,,có nội thất
"Hàng Hiếm, Bán căn hộ  view sân Golf 4 phòng ngủ rộng 267m2 tại L12 Ciputra",563,26 tỷ,Ciputra Hà Nội,Bán Căn Hộ Chung Cư Ciputra,,267,sang trọng,4,3,có,Đông Bắc,
Bán Penthouse siêu đẹp giá rẻ nhất Ciputra Hanoi,561,"14,5 tỷ",Quận Tây Hồ,Bán căn hộ quận Tây Hồ,212,212,100,3,3,có,Đông nam,"đủ đồ, đồ đẹp"
Chính chủ gửi bán căn hộ 154m2 3 phòng ngủ tầng trung L2 Ciputra Tây Hồ Hà Nội,558,"12,8 tỷ",Ciputra Hà Nội,Bán Căn Hộ Chung Cư Ciputra,,154,60,3,2,có,,Fully furnished
"Bán căn hộ 154m2 tầng cao 02 phòng ngủ sửa đẹp tại Toà L Ciputra, Tây Hồ, Hà nội",557,"12,8 tỷ",Ciputra Hà Nội,Bán Căn Hộ Chung Cư Ciputra,,154,80,2,2,có,Đông nam,gắn tường
Bán Căn hộ 4 phòng ngủ 182m2 mới sửa ở tầng cao P1 Ciputra Tây hồ Hà Nội,555,15 tỷ,Ciputra Hà Nội,Bán Căn Hộ Chung Cư Ciputra,182,,,4,3,có,Đông nam,đủ đồ
Chủ nhà cần bán gấp căn Hộ L5 Ciputra Hà Nội tầng cao đồ căn bản,553,"9,2 tỷ",Quận Tây Hồ,Bán Căn Hộ Chung Cư Ciputra,114,114,40,3,2,có,Tây Nam,gắn tường
"Bán căn góc tòa E5 Ciputra, 147m, 4pn, đồ cơ bản",545,"10,5 tỷ",Ciputra Hà Nội,Bán Căn Hộ Chung Cư Ciputra,147,147,"Sang Trọng, hiện đại",4,02,,Tây Bắc,
"HOT! Bán Căn hộ 123m3 E1 Ciputra, tầng trung, giá hơp lý",542,"7,7 tỷ",Ciputra Hà Nội,Bán Căn Hộ Chung Cư Ciputra,,123 m2,thoáng và rộng,3 phòng ngủ,2 phòng tắm,hướng đông nam,"Cửa:Tây-Bắc, Ban Công: Đông Nam",Nội thất cơ bản của Ciputra
"Bán Căn hộ E1 Ciputra Hà Nội, 123m2, Để lại nội thất, Giá Thiện Chí",538,"7,5 tỷ",Quận Tây Hồ,Bán Căn Hộ Chung Cư Ciputra,,123 m2,Rộng,3,2,Đông Nam,"Cửa:Tây-Bắc, Ban Công: Đông Nam",Đã có Nội Thất
"Bán căn hộ Ciputra tòa P1, 182m2, tầng cao view đẹp",532,"14,5 tỷ",Ciputra Hà Nội,Bán Căn Hộ Chung Cư Ciputra,182,182,1,4,3,,,đầy đủ
"Bán căn hộ tòa P1 Ciputra, 145m, view đài phun nước tầng trung",527,"9,4 tỷ",Ciputra Hà Nội,Bán Căn Hộ Chung Cư Ciputra,145,145,Hiện Đại,3,2,Yes,Tây Bắc,
"Bán căn hộ view Hồ Tây, Lạc Long Quân 118m, 3pn",526,"4,8 tỷ",Quận Tây Hồ,Bán căn hộ quận Tây Hồ,118,118,Hiện Đại,3,02,,Đông Nam,full
"Cần bán Penthouse view Hồ Tây 671 Hoàng Hoa Thám, 333m, 4PN, 4wc, giá hợp lý",519,"14,5 tỷ",Quận Tây Hồ,Bán căn hộ quận Tây Hồ,333,333,"Sang Trọng, hiện đại",4,04,,Đông Bắc,
"Bán căn hộ tòa E4 Ciputra, 153m, 3pn, sửa đẹp",515,12 tỷ,Ciputra Hà Nội,Bán Căn Hộ Chung Cư Ciputra,153,153,,,,,,
"Bán căn hộ View golf tòa P1, P2 Ciputra 182m, 4pn, 3wc",514,15 tỷ,Ciputra Hà Nội,Bán Căn Hộ Chung Cư Ciputra,182,182,view Golf,4,3,,Đông Bắc,
"Bán chung cư E4 Ciputra 123m, 3pn, 2wc, đầy đủ đồ về ở luôn",509,"7,9 tỷ",Ciputra Hà Nội,Bán Căn Hộ Chung Cư Ciputra,123,123,,,,,,
"Bán căn hộ E4 E5 Ciputra, tầng cao, 3pn, 2wc giá hợp lý",507,"7,8 tỷ",Ciputra Hà Nội,Bán Căn Hộ Chung Cư Ciputra,123,123,,,,,,
"Chính chủ cần bán căn hộ tầng thấp tòa P1 Ciputra, 145m, 3pn, sửa đẹp",504,"10,5 tỷ",Ciputra Hà Nội,Bán Căn Hộ Chung Cư Ciputra,145,145,,3,3,,Đông Nam,
"Bấn căn hộ tòa P1 Ciputra, 182m, 4pn, view Đông Nam",500,"11,2 tỷ",Ciputra Hà Nội,Bán Căn Hộ Chung Cư Ciputra,182,182,,,,,,
"Cần bán căn hộ 58m, tòa L345 Ciputra, đã sửa, đầy đủ nội thất",499,5 tỷ,Ciputra Hà Nội,Bán Căn Hộ Chung Cư Ciputra,58,53,,,,,,
"Bán căn hộ view Golf tòa P2 Ciputra, 145m, 3pn, sửa đẹp",498,"9,5 tỷ",Ciputra Hà Nội,Bán Căn Hộ Chung Cư Ciputra,145,145,,,,,Đông Bắc,full
"Chính chủ cần bán căn hộ tòa E5 Ciputra, 123m, 3pn, 2wc nguyên bản",495,"7,9 tỷ",Ciputra Hà Nội,Bán Căn Hộ Chung Cư Ciputra,123,123,,,,,,
"Bán căn hộ tòa E5 Ciputra, 153m, 4pn, view sân trước giá hợp lý",490,11 tỷ,Ciputra Hà Nội,Bán Căn Hộ Chung Cư Ciputra,1,153,,,,,,
"Bán căn hộ L345 Ciputra, 114m, 3pn, 2wc, đầy đủ nội thất",487,"9,2 tỷ",Ciputra Hà Nội,Bán Căn Hộ Chung Cư Ciputra,,114,,,,,,Sang Trọng
"Duy Nhất Penthouse Xuân Diệu, View trực diện Hồ Tây, Dt 330m,4pn, 4wc",478,33 tỷ,Quận Tây Hồ,Bán căn hộ quận Tây Hồ,,330,,,,,,
"Siêu phẩm Penthouse view Hồ Tây có bể bơi, Dt 250m, hướng Đông Nam,",477,27 tỷ,Quận Tây Hồ,Bán căn hộ quận Tây Hồ,,250,,,,,,
"Chính chủ bán căn hộ View Hồ Tây, tòa nhà Watermark, 234m, 4pn, 3wc",476,24 tỷ,Quận Tây Hồ,Bán căn hộ quận Tây Hồ,,234,,,,,,
"Bán Penthouse sky villa 600m x 3 tầng view Sông Hồng, Hồ Tây",475,18 tỷ,Quận Tây Hồ,Bán căn hộ quận Tây Hồ,,600,,,,,,
"Cần bán căn hộ 165m, tòa L1, view bể bơi, sân golf Ciputra",471,14 tỷ,Ciputra Hà Nội,Bán Căn Hộ Chung Cư Ciputra,,,,,,,,Fully Furnished
"Bán căn hộ penthouse, áp mái G3 Ciputra, 220m, 4pn, 3wc",470,"10,2 tỷ",Ciputra Hà Nội,Bán Căn Hộ Chung Cư Ciputra,119,180,,3,3,,Đông Nam,
"Chính chủ bán căn hộ G2 Ciputra, 119m, 3 PN, hướng Đông Bắc",469,"6,9 tỷ",Ciputra Hà Nội,Bán Căn Hộ Chung Cư Ciputra,119,,,,,,,
Mở bán quỹ căn Duplex Penthouse thông tầng tại Udic Westlake,455,Vui lòng liên hệ,Quận Tây Hồ,Bán Căn Hộ Chung Cư Ciputra,,295,,5,,,,
"Bán căn hộ tòa G2 Ciputra, 119m, tầng cao, view thoáng",432,"7,5 tỷ",Ciputra Hà Nội,Bán Căn Hộ Chung Cư Ciputra,,119,,3,2,,,
"Bán căn hộ 154m, tòa L2 Ciputra, nhà sửa đẹp vào ở ngay",431,"13,5 tỷ",Ciputra Hà Nội,Bán Căn Hộ Chung Cư Ciputra,154,154,,,,,,
"L1 Ciputra: Căn hộ 154m, 3 PN, sửa đẹp, view sân Golf tầng 19 cần bán",430,9 tỷ,Ciputra Hà Nội,Bán Căn Hộ Chung Cư Ciputra,,154,,3,2,,Đông Bắc,Fully Furnished
"Bán căn hộ 182m View sân Golf, đẹp nhất tòa P1 Ciputra",429,"14,5 tỷ",Ciputra Hà Nội,Bán Căn Hộ Chung Cư Ciputra,182,182,,4,3,,,
"Bán căn hộ  view sân Golf P1, P2 Ciputra 182m, 4pn, nội thất gỗ tự nhiên siêu hiếm",426,"11,5 tỷ",Ciputra Hà Nội,Bán Căn Hộ Chung Cư Ciputra,,182,,4,3,,,full
"Bán căn hộ 2 phòng ngủ, 53m, tòa Link 345",406,"5,1 tỷ",Ciputra Hà Nội,Bán Căn Hộ Chung Cư Ciputra,58,58,,,,có,,full
Bán Căn hộ E4 Ciputra 123m2 tầng cao view Hanoi Academy,405,"7,4 tỷ",Ciputra Hà Nội,Bán Căn Hộ Chung Cư Ciputra,,123,,3,2,Đông Nam,Tây Bắc,
"Bán và cho thuê căn hộ G2 ciputra,119m, 3pn, 2wc hướng Tây Nam",404,"7,3 tỷ",Ciputra Hà Nội,Bán Căn Hộ Chung Cư Ciputra,,119,,,,,Tây Nam,Fully Furnished
"Bán Căn hộ 123m. 3pn, 2wc, hướng Tây Bắc view nội khu Ciputra",403,8 tỷ,Ciputra Hà Nội,Bán Căn Hộ Chung Cư Ciputra,,123,,3,2,Có,Tây Bắc,
"Bán Căn Hộ Sunshine City, 03 Phòng Ngủ, Hướng Đông Nam, View Sân Golf, Ciputra",402,"7,5 tỷ",Ciputra Hà Nội,Bán Căn Hộ Chung Cư Ciputra,,105.5,,03,02,,,
"Căn hộ E4 153m, 2 phòng ngủ sửa đẹp, vào ở ngay",396,"8,8 tỷ",Ciputra Hà Nội,Bán Căn Hộ Chung Cư Ciputra,153,152,,,,,Ciputra,
"Bán Căn hộ Ciputra 182m2 tòa P2 Ciputra hướng Đông Bắc, SĐCC",378,"9,8 tỷ",Ciputra Hà Nội,Bán Căn Hộ Chung Cư Ciputra,,182,,03,03,Có,Đông Bắc,
"Căn hộ view sân Golf, 182m, 4pn, nguyên bản bán",377,"14,5 tỷ",Ciputra Hà Nội,Bán Căn Hộ Chung Cư Ciputra,,182,view Golf,,,có,Đông Nam,
"Bán căn hộ đã sửa 182m, tòa P2, 3pn, 3wc view sân Golf Ciputra",376,14 tỷ,Ciputra Hà Nội,Bán Căn Hộ Chung Cư Ciputra,182,182,,3,3,,Đông Bắc,
Bán Căn hộ 145m2 tòa P2 Ciputra view sân Gôn hướng Đông Bắc,369,"8,5 tỷ",Ciputra Hà Nội,Bán Căn Hộ Chung Cư Ciputra,,145,,3,2,Có,Đông Bắc,
"Bán Duplex Penthouse tòa P Ciputra, hướng Đông Nam, 279m2",364,19 tỷ,Ciputra Hà Nội,Bán Căn Hộ Chung Cư Ciputra,160,279,,03,02,Có,Đông Nam,
"Chính chủ cần Bán Căn hộ 123m2, view khu Biệt thự, hướng ĐN tòa E4 Ciputra",361,"8,7 tỷ",Ciputra Hà Nội,Bán Căn Hộ Chung Cư Ciputra,,123,,3,2,Phòng ngủ chính,Đông Nam,
"Bán Căn Hộ Tòa P1 Ciputra, 145m2, View Khu Biệt Thự, Hướng Đông Nam",357,"8,5 tỷ",Ciputra Hà Nội,Bán Căn Hộ Chung Cư Ciputra,,145,,3,2,,,
"Bán căn hộ Golden Westlake, 185m2, 3 phòng ngủ, hướng Đông Nam",354,Vui lòng liên hệ,Quận Ba Đình,Bán Căn hộ quận Ba Đình,,185,,5,5,2,Đông Nam,
"Bán Căn Hộ Tòa P1 Ciputra, Tầng Cao, View Khu Biệt Thự, Hướng Đông Nam",351,"8,7 tỷ",Ciputra Hà Nội,Bán Căn Hộ Chung Cư Ciputra,145,145,,3,2,,,
"Giá siêu hiếm: Bán căn hộ 114m, tòa L4 view sân Golf hướng ĐN",344,8 tỷ,Ciputra Hà Nội,Bán Căn Hộ Chung Cư Ciputra,114,114,,3,2,,Đông Nam,
"Bán căn hộ 3 ngủ R1 Sunshine Riverside, đầy đủ đồ, mới đẹp",337,"6,7 tỷ",Quận Tây Hồ,Bán căn hộ quận Tây Hồ,96,96,,3,2,1,ĐN,Đầy đủ nội thất
"Cần bán căn hộ tòa R3 106m2 Sunshine Riverside  view Hồ Tây, đủ đồ nội thất",334,"7,4 tỷ",Quận Tây Hồ,Bán căn hộ quận Tây Hồ,106,106,1,3,2,,,Đầy đủ nội thất
"Căn hộ R3 Sunshine Riverside, 3 ngủ đủ đồ y hình, view đẹp cần bán gấp",333,"7,5 tỷ",Quận Tây Hồ,Bán căn hộ quận Tây Hồ,107,107,1,3,,1,,
"Căn hộ 3 ngủ R3 Sunshine Riverside, đủ đồ cần bán",332,"7,4 tỷ",Quận Tây Hồ,Bán căn hộ quận Tây Hồ,107,107,,3,,1,,Đầy đủ nội thất
"Bán căn 2 ngủ R2 Sunshine , nội thất đầy đủ y hình",331,4 tỷ,Quận Tây Hồ,Bán căn hộ quận Tây Hồ,57,57,,2,2,1,nam,
"Căn hộ 2 ngủ tại R1, Sushine Riverside , view Hồ Tây, đủ đồ cần bán",330,"3,7 tỷ",Quận Tây Hồ,Bán căn hộ quận Tây Hồ,61,61,1,2,2,ĐN,,Đầy đủ nội thất
"Bán căn hộ R2 Sunshine Riverside , 3 ngủ đầy đủ đồ view Hồ Tây, cầu Nhật Tân",329,"6,4 tỷ",Quận Tây Hồ,Bán căn hộ quận Tây Hồ,89,89,1,3,,ĐN,,Đầy đủ nội thất
"Bán căn hộ Mipec Long Biên view trực diện sông Hồng, tòa B tầng cao",310,"7,5 tỷ",Quận Long Biên,Bán căn hộ quận Tây Hồ,138,138,1,3,2,,,Đầy đủ nội thất
"Watermark: Căn hộ cao cấp 6 sao view Hồ Tây, dt 245m, 4 phòng ngủ, 3 vệ sinh, nội thất nhập khẩu",308,25 tỷ,Quận Tây Hồ,Bán căn hộ quận Tây Hồ,245,245,sang trọng,4,3,view hồ,Đông Nam,Sang Trọng
"Bán gấp căn hộ View sân golf tòa P2, 145m, 3pn, 2wc",307,"8,5 tỷ",Ciputra Hà Nội,Bán Căn Hộ Chung Cư Ciputra,,145,,3,2,,Đông Bắc,
"Giá Chốt nhanh: Bán căn hộ L3 Ciputra 154m2 nội thất xịn, View đẹp",299,"13,8 tỷ",Ciputra Hà Nội,Bán Căn Hộ Chung Cư Ciputra,,154,Sang Trọng,3,2,,,Nội Thất sang trọng
"Cần bán căn hộ view Golf, tòa P2, dt 145m, 3pn, 2wc",295,9 tỷ,Ciputra Hà Nội,Bán Căn Hộ Chung Cư Ciputra,,145,Hiện Đại,3,2,,Đông Bắc,
"Cần bán gấp căn hộ Pentstudio view cầu Nhật Tân, Sông Hồng dt 155m, 3 phòng ngủ 2wc",294,11 tỷ,Quận Tây Hồ,Bán căn hộ quận Tây Hồ,,155,,,,,Đông Bắc,
"Cần bán căn hộ 154m, tòa E5 Ciputra, Tây Hồ, 4 phòng ngủ hướng Đông Nam",267,"10,5 tỷ",Ciputra Hà Nội,Bán Căn Hộ Chung Cư Ciputra,154,154,1,3,2,,Đông Nam,
"Bán căn hộ 114m, tòa L1 Ciputra, 3 phòng ngủ, đủ đồ",266,"8,2 tỷ",Ciputra Hà Nội,Bán Căn Hộ Chung Cư Ciputra,114,114,1,3,2,Yes,Ciputra,Fully Furnished
"Bán căn hộ 4 phòng ngủ, 182m, tòa P1 Ciputra",262,"9,7 tỷ",Ciputra Hà Nội,Bán Căn Hộ Chung Cư Ciputra,182,,1,04,03,Yes,Ciputra,Fully Furnished
"bán căn hộ 145m, tòa P2 Ciputra, view sân Golf tầng cao đủ đồ",260,"9,6 tỷ",Ciputra Hà Nội,Bán Căn Hộ Chung Cư Ciputra,145,,1,3,2,có,Golf Course,đầy đủ
"Căn hộ 182m, tòa P2, view sân golf 4 phòng ngủ",258,12 tỷ,Ciputra Hà Nội,Bán Căn Hộ Chung Cư Ciputra,182,,,4,3,2,,
"Bán căn hộ 58m, tòa L345, Ciputra tầng cao",254,"5,2 tỷ",Ciputra Hà Nội,Bán Căn Hộ Chung Cư Ciputra,57,57,1,,,,Ciputra,
"L345 Bán căn hộ 114m, view sân Golf tòa L4 đầy đủ nội thất",253,"9,5 tỷ",Ciputra Hà Nội,Bán Căn Hộ Chung Cư Ciputra,114,114,1,3,2,Yes,Golf Course and Q Block,Fully Furnished
"Chính chủ bán căn hộ tòa E5 Ciputra, 153m, 4 phòng ngủ, 2 wc, hướng Đông Nam",251,"9,8 tỷ",Ciputra Hà Nội,Bán Căn Hộ Chung Cư Ciputra,153,153,1,4,2,,,Fully Furnished
"Bán căn hộ 149m, tòa G2 Ciputra, Hà Nội view Hồ Tây",250,"9,2 tỷ",Ciputra Hà Nội,Bán Căn Hộ Chung Cư Ciputra,153,153,,4,2,Yes,,Fully Furnished
"Căn hộ 80,1m2 tòa N03-T8 khu Ngoại Giao Đoàn",242,Vui lòng liên hệ,Quận Từ Liêm,Bán Căn Hộ Chung Cư Ngoại Giao Đoàn,,"80,1",,,,,,
"Chính chủ bán căn hộ 127m2 tòa N01T3, P. Xuân Tảo, Bắc Từ Liêm",241,Vui lòng liên hệ,Quận Từ Liêm,Bán Căn Hộ Chung Cư Ngoại Giao Đoàn,,127,,,,,,
"Bán gấp căn hộ căn góc 95m2 tòa nhà N01T3, Ngoại Giao Đoàn, Bắc Từ Liêm",240,Vui lòng liên hệ,Quận Từ Liêm,Bán Căn Hộ Chung Cư Ngoại Giao Đoàn,,95,,,,,,
"Bán căn hộ  89,2m2 thuộc Tòa N03 - T8 Ngoại Giao Đoàn, Xuân Tảo, Bắc Từ Liêm",239,Vui lòng liên hệ,Quận Từ Liêm,Bán Căn Hộ Chung Cư Ngoại Giao Đoàn,,89.5,,,,,,
"Cần bán ngay căn hộ 104m2 tòa nhà N03T1, Ngoại Giao Đoàn",238,Vui lòng liên hệ,Quận Từ Liêm,Bán Căn Hộ Chung Cư Ngoại Giao Đoàn,,104,,,,,,
"Bán gấp căn hộ căn góc 95,5 m2 Tòa N03T1 Ngoại Giao Đoàn",237,Vui lòng liên hệ,Quận Tây Hồ,Bán Căn Hộ Chung Cư Ngoại Giao Đoàn,,95.5,,,,,,
"Bán căn hộ 68m2 chung cư N04A Ngoại Giao Đoàn,",235,Vui lòng liên hệ,Quận Từ Liêm,Bán Căn Hộ Chung Cư Ngoại Giao Đoàn,,68,,,,,,
"Cần bán ngay căn hộ  căn góc 95,5m2 tòa nhà N03T1, Ngoại Giao Đoàn, Bắc Từ Liêm",234,Vui lòng liên hệ,Quận Từ Liêm,Bán Căn Hộ Chung Cư Ngoại Giao Đoàn,,95.5,,,,,,
"Chính chủ bán gấp căn hộ rộng 124m2 tòa N02-T2 Ngoại Giao Đoàn, Xuân Tảo",233,Vui lòng liên hệ,Quận Từ Liêm,Bán Căn Hộ Chung Cư Ngoại Giao Đoàn,,124,,,,,,
Cần bán căn hộ góc 122m2 chung cư Lạc Hồng Lotus 1 Giá Rẻ,232,Vui lòng liên hệ,Quận Từ Liêm,Bán Căn Hộ Chung Cư Ngoại Giao Đoàn,,122,,3,2,,,
"Chính chủ gửi bán căn 03, 08, 09 chung cư N01T5 Ngoại Giao Đoàn",231,Vui lòng liên hệ,Quận Từ Liêm,Bán Căn Hộ Chung Cư Ngoại Giao Đoàn,,87,,2,2,,,
"Bán gấp căn hộ Lạc Hồng Lotus 1 tòa N01-T5, P. Xuân Tảo, Q. Bắc Từ Liêm, Hà Nội",230,Vui lòng liên hệ,Quận Tây Hồ,Bán Căn Hộ Chung Cư Ngoại Giao Đoàn,,108,,2,2,,,
"Chính chủ bán căn hộ că góc 126m2 Tòa Lạc Hồng Lotus 1 - N01T5 Ngoại Giao Đoàn, Xuân Tảo",229,Vui lòng liên hệ,Quận Từ Liêm,Bán Căn Hộ Chung Cư Ngoại Giao Đoàn,,122,,2,2,,,
"Bán căn hộ căn góc tòa nhà N01T5 Lạc Hồng Lotus 1, Ngoại Giao Đoàn",228,Vui lòng liên hệ,Quận Tây Hồ,Bán Căn Hộ Chung Cư Ngoại Giao Đoàn,,108,,3,2,,,
"Bán căn của tòa N01T5 - Lạc Hồng Lotus 1, Ngoại Giao Đoàn",227,Vui lòng liên hệ,Quận Từ Liêm,Bán Căn Hộ Chung Cư Ngoại Giao Đoàn,,87,,,,,,
"Bán gấp căn số 02 view hồ N01T5 - Lạc Hồng Lotus 1, Ngoại Giao Đoàn",226,Vui lòng liên hệ,Quận Từ Liêm,Bán Căn Hộ Chung Cư Ngoại Giao Đoàn,,87,,,,,,
"Do cần tài chính cho con đi du học, chủ nhà cần bán căn hộ 08 tầng cao Lạc Hồng Lotus 1 -  N01T5 Ngoại Giao Đoàn.",225,Vui lòng liên hệ,Quận Từ Liêm,Bán Căn Hộ Chung Cư Ngoại Giao Đoàn,,87,,,,,,
"Bán căn hộ 87m2 tầng trung Tòa Lạc Hồng Lotus 1 - N01T5, Ngoại Giao Đoàn, P. Xuân Tảo, Bắc Từ Liêm.",224,Vui lòng liên hệ,Quận Từ Liêm,Bán Căn Hộ Chung Cư Ngoại Giao Đoàn,,87,,,,,,
"Chủ nhà cần bán gấp căn hộ 114m2, Tòa L1 Ciputra",223,8 tỷ,Ciputra Hà Nội,Bán Căn Hộ Chung Cư Ciputra,,114,,,,,,
"Bán Căn hộ diện tích 114m2, Tòa L2 Ciputra, thiết kế 3 phòng ngủ, 2 phòng vệ sinh",222,"8,8 tỷ",Ciputra Hà Nội,Bán Căn Hộ Chung Cư Ciputra,,114,,3,2,2,,
"Bán căn hộ số 6 tòa P2, view sân golf, bể bơi, Ciputra Tây Hồ, Hà Nội",220,"10,5 tỷ",Ciputra Hà Nội,Bán Căn Hộ Chung Cư Ciputra,,182,,,,,,
"Bán căn hộ số 06, tòa P2, 3 PN, view Golf đẹp nhất khu Ciputra Hà Nội",218,9 tỷ,Ciputra Hà Nội,Bán Căn Hộ Chung Cư Ciputra,,182,,3,2,,,
"Bán căn hộ 145m2 tòa P2 Ciputra, KDT Nam Thăng Long - Tây Hồ",217,"8,6 tỷ",Ciputra Hà Nội,Bán Căn Hộ Chung Cư Ciputra,,145,,,,,,
"Bán căn hộ 05 tầng cao tòa P1 Ciputra 145m2, view sân Golf",216,"9,2 tỷ",Ciputra Hà Nội,Bán Căn Hộ Chung Cư Ciputra,,145,,,,,,
"Bán căn hộ tầng trung P1 dt 145m2 Ciputra, Phú Thượng, Tây Hồ",215,"9,5 tỷ",Ciputra Hà Nội,Bán Căn Hộ Chung Cư Ciputra,,145,,3,,,,Có nội thất
"Bán căn hộ tầng thấp 145m2 căn hộ P2 Ciputra, KDT Nam Thăng Long - Tây Hồ",214,"8,9 tỷ",Ciputra Hà Nội,Bán Căn Hộ Chung Cư Ciputra,,145,,3,2,1,,
Gấp! Cần bán gấp căn 3 PN ban công hướng Đông view Hồ Tây Ngoại Giao Đoàn,213,Vui lòng liên hệ,Quận Tây Hồ,Bán Căn Hộ Chung Cư Ngoại Giao Đoàn,,109,,,,,,
"Cần bán căn hộ căn góc 122m2 thông thủy, chung cư Lạc Hồng Lotus 1",212,Vui lòng liên hệ,Quận Từ Liêm,Bán Căn Hộ Chung Cư Ngoại Giao Đoàn,,122,,,,,,
"Bán căn hộ 3104 diện tích 108m2 chung cư Lạc Hồng Lotus 1 - N01T5 Ngoại Giao Đoàn, Xuân Tảo, Bắc Từ Liêm",210,Vui lòng liên hệ,Quận Từ Liêm,Bán Căn Hộ Chung Cư Ngoại Giao Đoàn,,108,,,,,,
"Bán căn hộ rộng 120m2 Tòa N04B - T2 Ngoại Giao Đoàn, P. Xuân Tảo, Bắc Từ Liêm",209,Vui lòng liên hệ,Quận Tây Hồ,Bán Căn Hộ Chung Cư Ngoại Giao Đoàn,,120,,,,,,
"Chính chủ bán căn hộ 60m2 chung cư N04A Ngoại Giao Đoàn, Bắc Từ Liêm",208,Vui lòng liên hệ,Quận Tây Hồ,Bán Căn Hộ Chung Cư Ngoại Giao Đoàn,,60,,,,,,
"Chính chủ bán căn hộ 89,5m2 Tòa N03 - T8 Ngoại Giao Đoàn, Xuân Tảo, Bắc Từ Liêm",207,Vui lòng liên hệ,Ciputra Hà Nội,Bán Căn Hộ Chung Cư Ngoại Giao Đoàn,,90,,,,,,
Chính chủ bán gấp căn hộ 91m2 tòa N02T1  tại khu Ngoại Giao Đoàn,206,Vui lòng liên hệ,Quận Tây Hồ,Bán Căn Hộ Chung Cư Ngoại Giao Đoàn,,84,,2,2,,,
"Bán gấp căn hộ 83,3m2  tòa N02T1 Ngoại Giao Đoàn",205,Vui lòng liên hệ,Quận Từ Liêm,Bán Căn Hộ Chung Cư Ngoại Giao Đoàn,,83.3,,,,,,
"Bán gấp căn hộ 91m2 tòa N02T1  tại khu Ngoại Giao Đoàn, Xuân Tảo",204,Vui lòng liên hệ,Quận Tây Hồ,Bán Căn Hộ Chung Cư Ngoại Giao Đoàn,,84,,,,,,
"Chính chủ bán căn hộ căn góc 126m2 Tòa Lạc Hồng Lotus 1 - N01T5 Ngoại Giao Đoàn, Xuân Tảo",203,Vui lòng liên hệ,Quận Từ Liêm,Bán Căn Hộ Chung Cư Ngoại Giao Đoàn,,126,,,,,,
"Bán căn hộ căn góc tòa nhà N01T5 - Lạc Hồng Lotus 1, Ngoại Giao Đoàn",202,Vui lòng liên hệ,Quận Từ Liêm,Bán Căn Hộ Chung Cư Ngoại Giao Đoàn,,108,,,,,,
"Bán gấp căn hộ 87m2 Tòa Lạc Hồng Lotus 1 - N01T5, Ngoại Giao Đoàn, P. Xuân Tảo",201,Vui lòng liên hệ,Quận Từ Liêm,Bán Căn Hộ Chung Cư Ngoại Giao Đoàn,87,87,,,,,,
"Chính chủ cần bán gấp căn hộ L 345 Ciputra 114m, 3 phòng ngủ",198,"8,3 tỷ",Ciputra Hà Nội,Bán Căn Hộ Chung Cư Ciputra,,114,,3,2,,,
"Chính chủ cần bán gấp căn hộ 4 phòng ngủ, view sân golf P1, P2 Ciputra, Hà Nội",196,"10,4 tỷ",Ciputra Hà Nội,Bán Căn Hộ Chung Cư Ciputra,,182,,,,,,
"Bán gấp căn hộ182 m2, căn hộ 4 phòng ngủ P1, P2 Ciputra, Hà Nội",193,"8,7 tỷ",Ciputra Hà Nội,Bán Căn Hộ Chung Cư Ciputra,,182,,,,,,
"Cần bán gấp căn hộ 182m2, 4 phòng ngủ P1, P2 Ciputra, Hà Nội",190,10 tỷ,Ciputra Hà Nội,Bán Căn Hộ Chung Cư Ciputra,,182,,,,,,
"Cần bán gấp căn hộ tầng cao Tòa E- Ciputra- Nam Thăng Long, quận Tây Hồ",185,"8,2 tỷ",Ciputra Hà Nội,Bán Căn Hộ Chung Cư Ciputra,,153,,,,,,
"Căn hộ chung cư E1 Ciputra với diện tích 153m2 cần bán gấp, thiết kế 4 phòng ngủ",184,"8,5 tỷ",Ciputra Hà Nội,Bán Căn Hộ Chung Cư Ciputra,,153,,,,,,
"Bán gấp căn hộ 153m2 thuộc tòa nhà E1 Ciputra, Phú Thượng, Tây Hồ",180,"8,2 tỷ",Ciputra Hà Nội,Bán Căn Hộ Chung Cư Ciputra,,153,,,,,,
"Bán căn hộ tòa E5 Ciputra, Tây Hồ, Hà Nội. Căn hộ có diện tích 142 m2, thiết kế 4 phòng ngủ",179,7 tỷ,Ciputra Hà Nội,Bán Căn Hộ Chung Cư Ciputra,,142,,,,,,
"Căn hộ chung cư E1 Ciputra, Quận Tây Hồ, 4 phòng ngủ cần bán gấp với diện tích 153m2",173,"7,3 tỷ",Ciputra Hà Nội,Bán Căn Hộ Chung Cư Ciputra,,153,,,,,,
"Bán căn hộ cao cấp Watermark 395 Lạc Long Quân, view Hồ Tây, 98m2 đầy đủ đồ",153,"8,3 tỷ",Quận Tây Hồ,Bán căn hộ quận Tây Hồ,98,98,,2,2,rộng,hồ tây,đầy đủ
"Bán căn hộ 182m, ban công hướng Đông Nam, 4pn, đầy đủ đồ",151,"10,5 tỷ",Ciputra Hà Nội,Bán Căn Hộ Chung Cư Ciputra,182,182,sang trọng,4,3,Yes,Đông Nam,Fully Furnished
"Cần bán căn hộ tại tòa E1 Ciputra, nhà đẹp, vào ở ngay",150,"9,5 tỷ",Ciputra Hà Nội,Bán Căn Hộ Chung Cư Ciputra,147,147,sang trọng,,,,,
"⭐ Bán Căn Hộ Watermark, Tây Hồ, 188m2, 4 ngủ, 1 trong 4 căn đẹp nhất",142,Vui lòng liên hệ,Quận Tây Hồ,Bán căn hộ quận Tây Hồ,188,1,,4,4,rộng,,
"Bán căn hộ tòa Watermark, căn penthouse tầng 18 đẳng cấp chuẩn 5 sao ven Hồ Tây",141,Vui lòng liên hệ,Quận Tây Hồ,Bán căn hộ quận Tây Hồ,324,324,1,5,5,rộng,đẹp,
"Bán chung cư tòa E1 Ciputa 123m, 3 phòng ngủ giá rẻ",138,"7,2 tỷ",Ciputra Hà Nội,Bán Căn Hộ Chung Cư Ciputra,123,123,có,3,2,có,vườn hòa,đủ đồ
"Bán căn hộ chung cư 2 ngủ Watermark, 395 Lạc Long Quân, Tây Hồ",131,Vui lòng liên hệ,Quận Tây Hồ,Bán căn hộ quận Tây Hồ,,112,1,2,2,có,Hồ tây,đầy đủ đồ
"Căn hộ 114m, tòa L3 Ciputra, 3 phòng ngủ, 2 vệ sinh đủ đồ cần bán gấp",124,"9,2 tỷ",Ciputra Hà Nội,Bán Căn Hộ Chung Cư Ciputra,,114,,3,2,,có,full
"Bán căn hộ quận Đống Đa, tòa Sky City 88 Láng Hạ Giá, 112m2 3 ngủ",116,Vui lòng liên hệ,Quận Đống Đa,Bán căn hộ quận Đống Đa,112,112,1,3,3,1,phố,
"Bán WaterMark Hồ Tây, thiết kế chuẩn Châu Âu 126m2 full nội thất",113,12 tỷ,Quận Tây Hồ,Bán căn hộ quận Tây Hồ,126,126,40,3,4,1,hồ tầy,full nội thất
"Bán nhà trong ngõ phố Lê Đại Hành, vị trí đẹp  gần Vincom Bà Triệu SĐCC, hướng Tây",107,Vui lòng liên hệ,Quận Hai Bà Trưng,Căn Hộ Bán Quận Hai Bà Trưng,100,100,,4,4,,Tây,
"Bán nhà Lê Thanh Nghị,50m2, 2.5 tầng, MT 5m.Oto đỗ cửa, kinh doanh sầm uất.",106,Vui lòng liên hệ,Quận Hai Bà Trưng,Căn Hộ Bán Quận Hai Bà Trưng,50,50,,,,,Đông Nam,
"Bán căn hộ tòa C3 căn 04 chung cư Mandarin Garden , DT 134m2",105,Vui lòng liên hệ,Quận Cầu Giấy,Bán Căn hộ quận Cầu Giấy,134,134,,2,2,có,TB - ĐN,
"Cần bán căn hộ sân vườn cao cấp Imperia Garden tòa D, DT: 129m2, SĐCC",103,Vui lòng liên hệ,Quận Thanh Xuân,Bán căn hộ quận Thanh Xuân,129,129,,3,3,có,TB - ĐN,cơ bản
"Bán căn hộ 153m2 view Hồ Tây, cầu Nhật Tân, thiết kế đẹp tại tòa E5 Ciputra Hà Nội",98,"9,5 tỷ",Quận Tây Hồ,Bán Căn Hộ Chung Cư Ciputra,153,153,,3,2,2,"hồ tây, nhật tân",đầy đủ nội thất
